<root xmlns="http://www.w3.org/1999/xhtml"><layers><layer name="floor" tileset="floor">4.0,4.0,4.0,4.0,4.0,4.0,4.0,4.0,4.0,4.0

,4.0,7.1,7.1,7.1,7.1,7.1,7.1,7.1,7.1,4.0

,4.0,7.1,7.1,7.1,7.1,7.1,5.0,5.0,7.1,4.0

,-1,-1,-1,-1,-1,-1,3.0,3.0,-1,-1
,-1,-1,-1,-1,-1,3.0,5.0,5.0,3.0,-1
,-1,-1,-1,-1,-1,3.0,3.0,3.0,3.0,-1
,-1,-1,-1,-1,-1,3.0,3.0,3.0,3.0,-1
,-1,-1,-1,-1,-1,3.0,3.0,3.0,3.0,-1
,-1,-1,-1,-1,-1,3.0,5.0,5.0,3.0,-1
,-1,-1,-1,-1,-1,-1,4.1,4.1,-1,-1
,-1,-1,-1,-1,-1,4.1,4.1,4.1,4.1,-1
,-1,-1,-1,-1,-1,4.1,4.1,4.1,4.1,-1
,-1,-1,-1,-1,-1,4.1,4.1,4.1,4.1,-1
,-1,-1,-1,-1,-1,-1,-1,-1,-1,-1
</layer><layer name="walls" tileset="walls">-1,-1,-1,-1,-1,-1,-1,-1,-1,-1
,-1,-1,-1,-1,-1,-1,-1,-1,-1,-1
,-1,-1,-1,-1,-1,-1,-1,-1,-1,-1
,3.0,3.0,3.0,3.0,3.0,3.0,-1,-1,3.0,3.0

,-1,-1,-1,-1,3.0,-1,-1,-1,-1,3.0

,-1,-1,-1,-1,3.0,-1,-1,-1,-1,3.0

,-1,-1,-1,-1,3.0,-1,-1,-1,-1,3.0

,-1,-1,-1,-1,3.0,-1,-1,-1,-1,3.0

,-1,-1,-1,-1,3.0,-1,-1,-1,-1,3.0

,-1,-1,-1,-1,3.0,3.0,-1,-1,3.0,3.0

,-1,-1,-1,-1,3.0,-1,-1,-1,-1,3.0

,-1,-1,-1,-1,3.0,-1,-1,-1,-1,3.0

,-1,-1,-1,-1,3.0,-1,-1,-1,-1,3.0

,-1,-1,-1,-1,3.0,3.0,3.0,3.0,3.0,3.0

</layer><layer name="door_and_windows" tileset="door_and_windows">-1,-1,-1,-1,-1,-1,-1,-1,-1,-1
,-1,-1,-1,-1,-1,-1,-1,-1,-1,-1
,-1,-1,-1,-1,-1,-1,-1,-1,-1,-1
,-1,-1,7.0,-1,-1,-1,4.0,5.0,-1,-1
,-1,-1,-1,-1,-1,-1,-1,-1,-1,-1
,-1,-1,-1,-1,-1,-1,-1,-1,-1,-1
,-1,-1,-1,-1,-1,-1,-1,-1,-1,-1
,-1,-1,-1,-1,-1,-1,-1,-1,-1,-1
,-1,-1,-1,-1,-1,-1,-1,-1,-1,-1
,-1,-1,-1,-1,-1,-1,4.0,5.0,-1,-1
,-1,-1,-1,-1,-1,-1,-1,-1,-1,-1
,-1,-1,-1,-1,-1,-1,-1,-1,-1,-1
,-1,-1,-1,-1,-1,-1,-1,-1,-1,-1
,-1,-1,-1,-1,-1,-1,-1,-1,-1,-1
</layer><layer name="furniture" tileset="furniture">-1,-1,-1,-1,-1,-1,-1,-1,-1,-1
,-1,-1,-1,-1,-1,-1,-1,-1,-1,-1
,-1,-1,-1,-1,-1,-1,-1,-1,-1,-1
,-1,-1,-1,-1,-1,-1,-1,-1,-1,-1
,-1,-1,-1,-1,-1,-1,-1,-1,0.2,-1
,-1,-1,-1,-1,-1,-1,-1,-1,0.3,-1
,-1,-1,-1,-1,-1,-1,-1,-1,-1,-1
,-1,-1,-1,-1,-1,-1,-1,-1,7.3,-1
,-1,-1,-1,-1,-1,-1,-1,-1,-1,-1
,-1,-1,-1,-1,-1,-1,-1,-1,-1,-1
,-1,-1,-1,-1,-1,-1,-1,-1,-1,-1
,-1,-1,-1,-1,-1,-1,-1,2.4,3.4,-1
,-1,-1,-1,-1,-1,-1,-1,2.5,3.5,-1
,-1,-1,-1,-1,-1,-1,-1,-1,-1,-1
</layer><layer name="eletronics">-1,-1,-1,-1,-1,-1,-1,-1,-1,-1
,-1,-1,-1,-1,-1,-1,-1,-1,-1,-1
,-1,-1,-1,-1,-1,-1,-1,-1,-1,-1
,-1,-1,-1,-1,-1,-1,-1,-1,-1,-1
,-1,-1,-1,-1,-1,-1,-1,-1,-1,-1
,-1,-1,-1,-1,-1,-1,-1,-1,-1,-1
,-1,-1,-1,-1,-1,-1,-1,-1,-1,-1
,-1,-1,-1,-1,-1,-1,-1,-1,-1,-1
,-1,-1,-1,-1,-1,-1,-1,-1,-1,-1
,-1,-1,-1,-1,-1,-1,-1,-1,-1,-1
,-1,-1,-1,-1,-1,-1,-1,-1,-1,-1
,-1,-1,-1,-1,-1,-1,-1,-1,-1,-1
,-1,-1,-1,-1,-1,-1,-1,-1,-1,-1
,-1,-1,-1,-1,-1,-1,-1,-1,-1,-1
</layer><layer name="utensils" tileset="utensils">2.0,2.0,2.0,2.0,2.0,2.0,2.0,2.0,2.0,2.0

,2.0,-1,-1,-1,-1,-1,-1,-1,-1,2.0

,2.0,-1,-1,-1,-1,-1,-1,-1,-1,2.0

,-1,-1,-1,-1,-1,-1,-1,-1,-1,-1
,-1,-1,-1,-1,-1,-1,-1,-1,-1,-1
,-1,-1,-1,-1,-1,-1,-1,-1,-1,-1
,-1,-1,-1,-1,-1,-1,-1,-1,-1,-1
,-1,-1,-1,-1,-1,-1,-1,-1,-1,-1
,-1,-1,-1,-1,-1,-1,-1,-1,-1,-1
,-1,-1,-1,-1,-1,-1,-1,-1,-1,-1
,-1,-1,-1,-1,-1,-1,-1,-1,-1,-1
,-1,-1,-1,-1,-1,-1,-1,-1,-1,-1
,-1,-1,-1,-1,-1,-1,-1,-1,-1,-1
,-1,-1,-1,-1,-1,-1,-1,-1,-1,-1
</layer><layer name="interactive_elements" tileset="interactive_elements">-1,-1,-1,-1,-1,-1,-1,-1,-1,-1
,-1,-1,-1,-1,-1,-1,-1,-1,-1,-1
,-1,-1,-1,-1,-1,-1,-1,-1,-1,-1
,-1,-1,-1,-1,-1,-1,-1,-1,-1,-1
,-1,-1,-1,-1,-1,-1,-1,-1,-1,-1
,-1,-1,-1,-1,-1,-1,-1,-1,-1,-1
,-1,-1,-1,-1,-1,7.2,-1,-1,-1,-1
,-1,-1,-1,-1,-1,-1,-1,-1,-1,-1
,-1,-1,-1,-1,-1,-1,-1,-1,-1,-1
,-1,-1,-1,-1,-1,-1,-1,-1,-1,-1
,-1,-1,-1,-1,-1,-1,-1,-1,-1,-1
,-1,-1,-1,-1,-1,-1,-1,-1,-1,-1
,-1,-1,-1,-1,-1,6.2,-1,-1,-1,-1
,-1,-1,-1,-1,-1,-1,-1,-1,-1,-1
</layer><layer name="persons" tileset="persons">-1,-1,-1,-1,-1,-1,-1,-1,-1,-1
,-1,-1,-1,-1,-1,-1,-1,-1,-1,-1
,-1,-1,-1,1.0,-1,-1,-1,-1,-1,-1
,-1,-1,-1,-1,-1,-1,-1,-1,-1,-1
,-1,-1,-1,-1,-1,-1,-1,-1,-1,-1
,-1,-1,-1,-1,-1,-1,-1,-1,-1,-1
,-1,-1,-1,-1,-1,-1,-1,-1,-1,-1
,-1,-1,-1,-1,-1,-1,-1,-1,-1,-1
,-1,-1,-1,-1,-1,-1,-1,-1,-1,-1
,-1,-1,-1,-1,-1,-1,-1,-1,-1,-1
,-1,-1,-1,-1,-1,-1,-1,-1,-1,-1
,-1,-1,-1,-1,-1,-1,-1,-1,-1,-1
,-1,-1,-1,-1,-1,-1,-1,-1,-1,-1
,-1,-1,-1,-1,-1,-1,-1,-1,-1,-1
</layer></layers><tilesets><tileset name="floor" image="floor" imagewidth="256" imageheight="64" tilewidth="32" tileheight="32"></tileset><tileset name="walls" image="walls" imagewidth="224" imageheight="94" tilewidth="32" tileheight="32"></tileset><tileset name="door_and_windows" image="door_and_windows" imagewidth="253" imageheight="96" tilewidth="32" tileheight="32"></tileset><tileset name="furniture" image="furniture" imagewidth="256" imageheight="444" tilewidth="32" tileheight="32"></tileset><tileset name="eletronics" image="eletronics" imagewidth="252" imageheight="127" tilewidth="32" tileheight="32"></tileset><tileset name="utensils" image="utensils" imagewidth="246" imageheight="127" tilewidth="32" tileheight="32"></tileset><tileset name="interactive_elements" image="interactive_elements" imagewidth="252" imageheight="124" tilewidth="32" tileheight="32"></tileset><tileset name="persons" image="persons" imagewidth="121" imageheight="29" tilewidth="32" tileheight="32"></tileset></tilesets><canvas width="320" height="448"></canvas></root>